News,https://npr.org
Git,https://github.com/acmeproducts/dev/
Slash,https://alterslash.org
Anvil,https://acmeproducts.github.io/project-anvil
TestiFrame,https://iframetester.com
water,https://acmeproducts.github.io/dev/water.html
water2,https://acmeproducts.github.io/dev/Waterv2.html.html
teal2,https://acmeproducts.github.io/dev/tealv2.html
peace,https://acmeproducts.github.io/dev/harmony and peace.html
orange,https://acmeproducts.github.io/dev/orange.html
Pic,https://acmeproducts.github.io/dev/pic.html
page,https://acmeproducts.github.io/dev/page.html
sound,https://acmeproducts.github.io/dev/SoundVision.html
mv,https://acmeproducts.github.io/dev/multi-view.html
mvp,https://acmeproducts.github.io/dev/multi-view-pro.html
